"Analysis","Method","Effect","Strata","Cutpoint","TV.age","Outcome","Doubly.robust","Covariates","Missing","Order","Sample.weights","Attention.cutpoint","Estimate","StdErr","p"
"PSA","stratification","ATE","4","20/80","~1.5","Raw","No","Original","trees",NA,NA,NA,0.00163919875696592,0.0472050520557239,0.972305292692882
"PSA","stratification","ATE","4","20/80","~1.5","Within-sex SS","No","Original","trees",NA,NA,NA,-0.889062656934128,1.42898502778833,0.533963617668578
"PSA","stratification","ATE","4","20/80","~3","Raw","No","Original","trees",NA,NA,NA,-0.0069631857916612,0.0381194382622086,0.855103084157384
"PSA","stratification","ATE","4","20/80","~3","Within-sex SS","No","Original","trees",NA,NA,NA,-0.156715401258176,1.24735288495752,0.900048348021825
"PSA","stratification","ATE","4","20/80","~1.5","Raw","No","Expanded","trees",NA,NA,NA,0.00327419519974474,0.0466975582713298,0.944114988311886
"PSA","stratification","ATE","4","20/80","~1.5","Within-sex SS","No","Expanded","trees",NA,NA,NA,-0.671627225744756,1.41894796687387,0.636073736875523
"PSA","stratification","ATE","4","20/80","~3","Raw","No","Expanded","trees",NA,NA,NA,0.0129322336699835,0.0418108411987866,0.757167754614386
"PSA","stratification","ATE","4","20/80","~3","Within-sex SS","No","Expanded","trees",NA,NA,NA,-0.70464045277882,1.32939985811731,0.596221981483395
"PSA","stratification","ATE","4","30/70","~1.5","Raw","No","Original","trees",NA,NA,NA,0.00222027344254015,0.0339489308220714,0.94786531263487
"PSA","stratification","ATE","4","30/70","~1.5","Within-sex SS","No","Original","trees",NA,NA,NA,-0.645843140805544,1.08006351011071,0.549966092271803
"PSA","stratification","ATE","4","30/70","~3","Raw","No","Original","trees",NA,NA,NA,-0.0195856201473934,0.0260740505004936,0.452688494884828
"PSA","stratification","ATE","4","30/70","~3","Within-sex SS","No","Original","trees",NA,NA,NA,0.465896998846289,0.914604896961074,0.610555593111735
"PSA","stratification","ATE","4","30/70","~1.5","Raw","No","Expanded","trees",NA,NA,NA,0.0186160648748085,0.0323218671497496,0.56474316055148
"PSA","stratification","ATE","4","30/70","~1.5","Within-sex SS","No","Expanded","trees",NA,NA,NA,-1.0522681789369,1.06874040083759,0.325010907231279
"PSA","stratification","ATE","4","30/70","~3","Raw","No","Expanded","trees",NA,NA,NA,0.000122846627923768,0.0265281295741975,0.996305835165131
"PSA","stratification","ATE","4","30/70","~3","Within-sex SS","No","Expanded","trees",NA,NA,NA,-0.237897486587194,0.914425398845194,0.794778767403363
"PSA","stratification","ATE","4","40/60","~1.5","Raw","No","Original","trees",NA,NA,NA,0.0146878840664541,0.0260907671018346,0.573542644779783
"PSA","stratification","ATE","4","40/60","~1.5","Within-sex SS","No","Original","trees",NA,NA,NA,-0.940968705296243,0.869311836564906,0.279218874935055
"PSA","stratification","ATE","4","40/60","~3","Raw","No","Original","trees",NA,NA,NA,-0.0230494042064793,0.0216392473951867,0.286956943443893
"PSA","stratification","ATE","4","40/60","~3","Within-sex SS","No","Original","trees",NA,NA,NA,0.655637931364621,0.758637872642979,0.387587396566571
"PSA","stratification","ATE","4","40/60","~1.5","Raw","No","Expanded","trees",NA,NA,NA,0.0151063422321792,0.0255954945882049,0.555139962443675
"PSA","stratification","ATE","4","40/60","~1.5","Within-sex SS","No","Expanded","trees",NA,NA,NA,-0.934924823354208,0.865059881570512,0.27995938686196
"PSA","stratification","ATE","4","40/60","~3","Raw","No","Expanded","trees",NA,NA,NA,-0.0125971036259651,0.0226251440946426,0.577757280980683
"PSA","stratification","ATE","4","40/60","~3","Within-sex SS","No","Expanded","trees",NA,NA,NA,0.388152362935954,0.777954122630246,0.617888467304344
"PSA","stratification","ATE","4","50","~1.5","Raw","No","Original","trees",NA,NA,NA,0.0143414701838872,0.0217892332110907,0.510491786361215
"PSA","stratification","ATE","4","50","~1.5","Within-sex SS","No","Original","trees",NA,NA,NA,-0.684243840814514,0.732467390590062,0.350333275831992
"PSA","stratification","ATE","4","50","~3","Raw","No","Original","trees",NA,NA,NA,-0.0208897621221038,0.0188297505697065,0.267389005304574
"PSA","stratification","ATE","4","50","~3","Within-sex SS","No","Original","trees",NA,NA,NA,0.512521644420294,0.680217761945496,0.451257223366849
"PSA","stratification","ATE","4","50","~1.5","Raw","No","Expanded","trees",NA,NA,NA,0.0117817216093547,0.0219611576155035,0.591686857385363
"PSA","stratification","ATE","4","50","~1.5","Within-sex SS","No","Expanded","trees",NA,NA,NA,-0.661961888097707,0.737174102390183,0.369309026797167
"PSA","stratification","ATE","4","50","~3","Raw","No","Expanded","trees",NA,NA,NA,-0.012058535510651,0.0192533620516648,0.531183747341038
"PSA","stratification","ATE","4","50","~3","Within-sex SS","No","Expanded","trees",NA,NA,NA,0.171761708717398,0.678206317168649,0.800094038715497
"PSA","stratification","ATE","4","60","~1.5","Raw","No","Original","trees",NA,NA,NA,-0.00537806134944978,0.0241071312434084,0.823488322410397
"PSA","stratification","ATE","4","60","~1.5","Within-sex SS","No","Original","trees",NA,NA,NA,0.206960125133726,0.79467091108047,0.794555199868562
"PSA","stratification","ATE","4","60","~3","Raw","No","Original","trees",NA,NA,NA,-0.0266052677898305,0.0201657270640946,0.187208165707044
"PSA","stratification","ATE","4","60","~3","Within-sex SS","No","Original","trees",NA,NA,NA,0.79033039729092,0.714311976041582,0.268675836752936
"PSA","stratification","ATE","4","60","~1.5","Raw","No","Expanded","trees",NA,NA,NA,-0.000733993472889806,0.0243024048083404,0.97590858183545
"PSA","stratification","ATE","4","60","~1.5","Within-sex SS","No","Expanded","trees",NA,NA,NA,0.180469292850331,0.807198827840321,0.823111156643061
"PSA","stratification","ATE","4","60","~3","Raw","No","Expanded","trees",NA,NA,NA,-0.0256548047209211,0.0212438649053645,0.227329749915927
"PSA","stratification","ATE","4","60","~3","Within-sex SS","No","Expanded","trees",NA,NA,NA,0.827088399472785,0.745762039068807,0.267540178710087
"PSA","stratification","ATE","4","70","~1.5","Raw","No","Original","trees",NA,NA,NA,0.00540974321819294,0.0292400680952302,0.853239029402666
"PSA","stratification","ATE","4","70","~1.5","Within-sex SS","No","Original","trees",NA,NA,NA,-0.589464512487818,0.931659556326386,0.52699983695178
"PSA","stratification","ATE","4","70","~3","Raw","No","Original","trees",NA,NA,NA,0.00701540988396703,0.0259650091104804,0.787043962713706
"PSA","stratification","ATE","4","70","~3","Within-sex SS","No","Original","trees",NA,NA,NA,-0.497070280199448,0.860209035854708,0.563431050649733
"PSA","stratification","ATE","4","70","~1.5","Raw","No","Expanded","trees",NA,NA,NA,0.0114104968443182,0.029523966449769,0.699180688482865
"PSA","stratification","ATE","4","70","~1.5","Within-sex SS","No","Expanded","trees",NA,NA,NA,-0.651543133623728,0.949380895402413,0.492615212952328
"PSA","stratification","ATE","4","70","~3","Raw","No","Expanded","trees",NA,NA,NA,0.00895302259172517,0.0220968760425159,0.68539446019839
"PSA","stratification","ATE","4","70","~3","Within-sex SS","No","Expanded","trees",NA,NA,NA,-0.225315621519611,0.876306946646372,0.797112721915909
"PSA","stratification","ATE","5","20/80","~1.5","Raw","No","Original","trees",NA,NA,NA,-0.0228206117361087,0.0688310382508859,0.740296080154049
"PSA","stratification","ATE","5","20/80","~1.5","Within-sex SS","No","Original","trees",NA,NA,NA,-0.521168474081481,1.72022886644971,0.761974427197592
"PSA","stratification","ATE","5","20/80","~3","Raw","No","Original","trees",NA,NA,NA,0.00131994031563426,0.0395118532416017,0.973358660337095
"PSA","stratification","ATE","5","20/80","~3","Within-sex SS","No","Original","trees",NA,NA,NA,-0.319272796692817,1.28322006250003,0.803572065149477
"PSA","stratification","ATE","5","20/80","~1.5","Raw","No","Expanded","trees",NA,NA,NA,-0.0110079680243478,0.0597999773316695,0.85398496485769
"PSA","stratification","ATE","5","20/80","~1.5","Within-sex SS","No","Expanded","trees",NA,NA,NA,-0.368408371371431,1.61509975917175,0.819609144481279
"PSA","stratification","ATE","5","20/80","~3","Raw","No","Expanded","trees",NA,NA,NA,0.0204978263698937,0.0454289070820917,0.651957750234899
"PSA","stratification","ATE","5","20/80","~3","Within-sex SS","No","Expanded","trees",NA,NA,NA,-1.21225840923033,1.27830842436659,0.343235783755372
"PSA","stratification","ATE","5","30/70","~1.5","Raw","No","Original","trees",NA,NA,NA,0.0111004245235837,0.0323621000345248,0.731649047934701
"PSA","stratification","ATE","5","30/70","~1.5","Within-sex SS","No","Original","trees",NA,NA,NA,-0.790374996459384,1.04704236509047,0.450467927270895
"PSA","stratification","ATE","5","30/70","~3","Raw","No","Original","trees",NA,NA,NA,-0.0111014602549606,0.0264868548935967,0.6751859102937
"PSA","stratification","ATE","5","30/70","~3","Within-sex SS","No","Original","trees",NA,NA,NA,0.114338619811296,0.916546813783256,0.900740221289973
"PSA","stratification","ATE","5","30/70","~1.5","Raw","No","Expanded","trees",NA,NA,NA,-0.00219225611619588,0.0348374459039673,0.949833450313267
"PSA","stratification","ATE","5","30/70","~1.5","Within-sex SS","No","Expanded","trees",NA,NA,NA,-0.54187395653166,1.11000811641317,0.625511442324791
"PSA","stratification","ATE","5","30/70","~3","Raw","No","Expanded","trees",NA,NA,NA,0.00157902695115824,0.0249154854502659,0.949476848137314
"PSA","stratification","ATE","5","30/70","~3","Within-sex SS","No","Expanded","trees",NA,NA,NA,-0.2767062761291,0.909659457642606,0.761031711385051
"PSA","stratification","ATE","5","40/60","~1.5","Raw","No","Original","trees",NA,NA,NA,0.00997559942715358,0.0266211095248253,0.707912775432325
"PSA","stratification","ATE","5","40/60","~1.5","Within-sex SS","No","Original","trees",NA,NA,NA,-0.842143436552931,0.875170909845039,0.336058398929996
"PSA","stratification","ATE","5","40/60","~3","Raw","No","Original","trees",NA,NA,NA,-0.0223163786393099,0.0225346376217841,0.32216632322537
"PSA","stratification","ATE","5","40/60","~3","Within-sex SS","No","Original","trees",NA,NA,NA,0.607239423499927,0.779351358560592,0.435997732394205
"PSA","stratification","ATE","5","40/60","~1.5","Raw","No","Expanded","trees",NA,NA,NA,0.0162389386785548,0.0257777932700995,0.52880852063742
"PSA","stratification","ATE","5","40/60","~1.5","Within-sex SS","No","Expanded","trees",NA,NA,NA,-1.07089913286135,0.8750948016761,0.221219517947941
"PSA","stratification","ATE","5","40/60","~3","Raw","No","Expanded","trees",NA,NA,NA,-0.000224126889183661,0.0235945952992767,0.992422100623159
"PSA","stratification","ATE","5","40/60","~3","Within-sex SS","No","Expanded","trees",NA,NA,NA,-0.0753244088228208,0.788843217844578,0.923939529625215
"PSA","stratification","ATE","5","50","~1.5","Raw","No","Original","trees",NA,NA,NA,0.0090968402047096,0.0227332902424232,0.689085356407218
"PSA","stratification","ATE","5","50","~1.5","Within-sex SS","No","Original","trees",NA,NA,NA,-0.569052175373481,0.742442819666695,0.443494129596718
"PSA","stratification","ATE","5","50","~3","Raw","No","Original","trees",NA,NA,NA,-0.0199730532172211,0.0190811118916097,0.295342810511808
"PSA","stratification","ATE","5","50","~3","Within-sex SS","No","Original","trees",NA,NA,NA,0.468095218082971,0.68639300439838,0.495340147159851
"PSA","stratification","ATE","5","50","~1.5","Raw","No","Expanded","trees",NA,NA,NA,0.016912829289296,0.0220693558420803,0.443559687756014
"PSA","stratification","ATE","5","50","~1.5","Within-sex SS","No","Expanded","trees",NA,NA,NA,-0.806790106825807,0.741568423098273,0.276748684582449
"PSA","stratification","ATE","5","50","~3","Raw","No","Expanded","trees",NA,NA,NA,-0.0141080917022717,0.0195272260236533,0.470081282234287
"PSA","stratification","ATE","5","50","~3","Within-sex SS","No","Expanded","trees",NA,NA,NA,0.196894290182835,0.676282282753556,0.770972540320193
"PSA","stratification","ATE","5","60","~1.5","Raw","No","Original","trees",NA,NA,NA,-0.00624349592156182,0.0258022886227745,0.808824891354971
"PSA","stratification","ATE","5","60","~1.5","Within-sex SS","No","Original","trees",NA,NA,NA,0.180478448491798,0.811008125500799,0.823919576658328
"PSA","stratification","ATE","5","60","~3","Raw","No","Original","trees",NA,NA,NA,-0.0237581821035717,0.0208326085405722,0.254241657216683
"PSA","stratification","ATE","5","60","~3","Within-sex SS","No","Original","trees",NA,NA,NA,0.570659062784924,0.723733766386223,0.430501055024179
"PSA","stratification","ATE","5","60","~1.5","Raw","No","Expanded","trees",NA,NA,NA,-0.00151603901403403,0.0245887600559946,0.950843161616099
"PSA","stratification","ATE","5","60","~1.5","Within-sex SS","No","Expanded","trees",NA,NA,NA,0.14162377439234,0.800521676261304,0.859593694817081
"PSA","stratification","ATE","5","60","~3","Raw","No","Expanded","trees",NA,NA,NA,-0.00573227010312703,0.0201444206943907,0.776011484232742
"PSA","stratification","ATE","5","60","~3","Within-sex SS","No","Expanded","trees",NA,NA,NA,0.0650166398815293,0.749513216692521,0.930882697947497
"PSA","stratification","ATE","5","70","~1.5","Raw","No","Original","trees",NA,NA,NA,0.00496653476226624,0.0302729529577699,0.869701789689014
"PSA","stratification","ATE","5","70","~1.5","Within-sex SS","No","Original","trees",NA,NA,NA,-0.624097543161473,0.949436793648585,0.511042002007982
"PSA","stratification","ATE","5","70","~3","Raw","No","Original","trees",NA,NA,NA,0.0143623501651276,0.0211512277002698,0.49719584007136
"PSA","stratification","ATE","5","70","~3","Within-sex SS","No","Original","trees",NA,NA,NA,-0.624442142285543,0.819134008032244,0.445958287488219
"PSA","stratification","ATE","5","70","~1.5","Raw","No","Expanded","trees",NA,NA,NA,-0.000456567115192083,0.0331672611092048,0.98901837233303
"PSA","stratification","ATE","5","70","~1.5","Within-sex SS","No","Expanded","trees",NA,NA,NA,-0.257966611315045,1.01702115583422,0.799792818479112
"PSA","stratification","ATE","5","70","~3","Raw","No","Expanded","trees",NA,NA,NA,0.00719290637006551,0.0219208551041086,0.742846888772946
"PSA","stratification","ATE","5","70","~3","Within-sex SS","No","Expanded","trees",NA,NA,NA,-0.203308135423354,0.856309023137425,0.812352158618341
"PSA","stratification","ATE","6","20/80","~1.5","Raw","No","Original","trees",NA,NA,NA,-0.0240646361400502,0.0681470771272902,0.724060690686924
"PSA","stratification","ATE","6","20/80","~1.5","Within-sex SS","No","Original","trees",NA,NA,NA,-0.53708861311498,1.70895767381993,0.753369575668152
"PSA","stratification","ATE","6","20/80","~3","Raw","No","Original","trees",NA,NA,NA,0.0271785356862121,0.0362449519901617,0.453552480667949
"PSA","stratification","ATE","6","20/80","~3","Within-sex SS","No","Original","trees",NA,NA,NA,-1.18745612667705,1.32570596391338,0.37066318803411
"PSA","stratification","ATE","6","20/80","~1.5","Raw","No","Expanded","trees",NA,NA,NA,-0.0319664509497356,0.0670860200635306,0.633813934278644
"PSA","stratification","ATE","6","20/80","~1.5","Within-sex SS","No","Expanded","trees",NA,NA,NA,-0.0271208220017681,1.70958165309496,0.987345779364209
"PSA","stratification","ATE","6","20/80","~3","Raw","No","Expanded","trees",NA,NA,NA,0.0440976174408762,0.0366793393474326,0.229609575625558
"PSA","stratification","ATE","6","20/80","~3","Within-sex SS","No","Expanded","trees",NA,NA,NA,-1.74955356597544,1.20959062149209,0.148440806441122
"PSA","stratification","ATE","6","30/70","~1.5","Raw","No","Original","trees",NA,NA,NA,-0.00791256920852027,0.0345498482608463,0.818890506658781
"PSA","stratification","ATE","6","30/70","~1.5","Within-sex SS","No","Original","trees",NA,NA,NA,-0.295893234897771,1.07964683458746,0.784078672318781
"PSA","stratification","ATE","6","30/70","~3","Raw","No","Original","trees",NA,NA,NA,0.00237033464494788,0.023869440737054,0.920911275749538
"PSA","stratification","ATE","6","30/70","~3","Within-sex SS","No","Original","trees",NA,NA,NA,-0.293061362627355,0.884858260391998,0.740547112569157
"PSA","stratification","ATE","6","30/70","~1.5","Raw","No","Expanded","trees",NA,NA,NA,0.00133892525578715,0.0384043720615366,0.972193679775155
"PSA","stratification","ATE","6","30/70","~1.5","Within-sex SS","No","Expanded","trees",NA,NA,NA,-0.653447164197882,1.13303895776571,0.564228679492901
"PSA","stratification","ATE","6","30/70","~3","Raw","No","Expanded","trees",NA,NA,NA,0.00435737960830152,0.0254608801129024,0.864138760031396
"PSA","stratification","ATE","6","30/70","~3","Within-sex SS","No","Expanded","trees",NA,NA,NA,-0.303151945646555,0.931503945129426,0.744894990429266
"PSA","stratification","ATE","6","40/60","~1.5","Raw","No","Original","trees",NA,NA,NA,0.0101085489804628,0.0259672077101929,0.697118072174543
"PSA","stratification","ATE","6","40/60","~1.5","Within-sex SS","No","Original","trees",NA,NA,NA,-0.783836433321906,0.872816446828462,0.369287149915686
"PSA","stratification","ATE","6","40/60","~3","Raw","No","Original","trees",NA,NA,NA,-0.0220932443864016,0.0227481828134251,0.331587329495065
"PSA","stratification","ATE","6","40/60","~3","Within-sex SS","No","Original","trees",NA,NA,NA,0.63186782645932,0.782661345155404,0.419592100239732
"PSA","stratification","ATE","6","40/60","~1.5","Raw","No","Expanded","trees",NA,NA,NA,0.0245235827207583,0.0264458073837621,0.353898275176293
"PSA","stratification","ATE","6","40/60","~1.5","Within-sex SS","No","Expanded","trees",NA,NA,NA,-1.3051975915212,0.878465938804815,0.137530417942426
"PSA","stratification","ATE","6","40/60","~3","Raw","No","Expanded","trees",NA,NA,NA,0.00413290129923263,0.0226993085719818,0.855548972907228
"PSA","stratification","ATE","6","40/60","~3","Within-sex SS","No","Expanded","trees",NA,NA,NA,-0.161961619855328,0.780095688555742,0.835553312846059
"PSA","stratification","ATE","6","50","~1.5","Raw","No","Original","trees",NA,NA,NA,0.00772237771172294,0.0235187196525375,0.742681479133294
"PSA","stratification","ATE","6","50","~1.5","Within-sex SS","No","Original","trees",NA,NA,NA,-0.535934752092448,0.75067726368667,0.475351325959696
"PSA","stratification","ATE","6","50","~3","Raw","No","Original","trees",NA,NA,NA,-0.0161032369061413,0.0194488788488888,0.407781260235619
"PSA","stratification","ATE","6","50","~3","Within-sex SS","No","Original","trees",NA,NA,NA,0.306630736976998,0.693801692012173,0.658567540744537
"PSA","stratification","ATE","6","50","~1.5","Raw","No","Expanded","trees",NA,NA,NA,0.00958130170792677,0.0225278674612063,0.670657635209023
"PSA","stratification","ATE","6","50","~1.5","Within-sex SS","No","Expanded","trees",NA,NA,NA,-0.572433424820312,0.749831560345496,0.445306050722777
"PSA","stratification","ATE","6","50","~3","Raw","No","Expanded","trees",NA,NA,NA,-0.00331199296963437,0.0191499103926682,0.8627074528962
"PSA","stratification","ATE","6","50","~3","Within-sex SS","No","Expanded","trees",NA,NA,NA,-0.0346755897248536,0.676137126126544,0.959103627496826
"PSA","stratification","ATE","6","60","~1.5","Raw","No","Original","trees",NA,NA,NA,-0.000837347398725952,0.0250027453298324,0.973287033218605
"PSA","stratification","ATE","6","60","~1.5","Within-sex SS","No","Original","trees",NA,NA,NA,-0.124372438284179,0.797591100717236,0.876100043407596
"PSA","stratification","ATE","6","60","~3","Raw","No","Original","trees",NA,NA,NA,-0.0152782812069869,0.0199735433698289,0.44440527238979
"PSA","stratification","ATE","6","60","~3","Within-sex SS","No","Original","trees",NA,NA,NA,0.379941465384426,0.748066443991516,0.611580481655688
"PSA","stratification","ATE","6","60","~1.5","Raw","No","Expanded","trees",NA,NA,NA,0.00132074978159698,0.0241185444877783,0.956334574678204
"PSA","stratification","ATE","6","60","~1.5","Within-sex SS","No","Expanded","trees",NA,NA,NA,-0.00975915130244172,0.79475791775425,0.990203935568953
"PSA","stratification","ATE","6","60","~3","Raw","No","Expanded","trees",NA,NA,NA,-0.00875470325217239,0.0204875172341646,0.669192751517926
"PSA","stratification","ATE","6","60","~3","Within-sex SS","No","Expanded","trees",NA,NA,NA,0.21550274151226,0.745514312197513,0.772560723424666
"PSA","stratification","ATE","6","70","~1.5","Raw","No","Original","trees",NA,NA,NA,-0.000608688972355297,0.0343507417926964,0.985864149621072
"PSA","stratification","ATE","6","70","~1.5","Within-sex SS","No","Original","trees",NA,NA,NA,-0.497765990871477,1.01665988434346,0.624464595005849
"PSA","stratification","ATE","6","70","~3","Raw","No","Original","trees",NA,NA,NA,0.0192173202917476,0.021668485212098,0.375250043097676
"PSA","stratification","ATE","6","70","~3","Within-sex SS","No","Original","trees",NA,NA,NA,-0.722382081152315,0.856116909607994,0.398887498444663
"PSA","stratification","ATE","6","70","~1.5","Raw","No","Expanded","trees",NA,NA,NA,0.00192892841279412,0.0330253056029701,0.953429850425488
"PSA","stratification","ATE","6","70","~1.5","Within-sex SS","No","Expanded","trees",NA,NA,NA,-0.343216377452173,0.989623298250283,0.728766937564476
"PSA","stratification","ATE","6","70","~3","Raw","No","Expanded","trees",NA,NA,NA,0.0147496251773049,0.0221884412485143,0.506290581754113
"PSA","stratification","ATE","6","70","~3","Within-sex SS","No","Expanded","trees",NA,NA,NA,-0.548725100963951,0.863408734131538,0.525152783266049
"PSA","stratification","ATE","7","20/80","~1.5","Raw","No","Original","trees",NA,NA,NA,-0.0424541583469581,0.0891765868145742,0.634121025829876
"PSA","stratification","ATE","7","20/80","~1.5","Within-sex SS","No","Original","trees",NA,NA,NA,-0.145884774701025,2.06392028778075,0.943662748071286
"PSA","stratification","ATE","7","20/80","~3","Raw","No","Original","trees",NA,NA,NA,0.0108440849291319,0.0384750483244079,0.778130844473375
"PSA","stratification","ATE","7","20/80","~3","Within-sex SS","No","Original","trees",NA,NA,NA,-0.533401542691327,1.32693625729164,0.687802273104924
"PSA","stratification","ATE","7","20/80","~1.5","Raw","No","Expanded","trees",NA,NA,NA,-0.00497857864368631,0.0478882900050188,0.91721836061354
"PSA","stratification","ATE","7","20/80","~1.5","Within-sex SS","No","Expanded","trees",NA,NA,NA,-0.272236527585698,1.61101473213704,0.865840181900927
"PSA","stratification","ATE","7","20/80","~3","Raw","No","Expanded","trees",NA,NA,NA,0.0371045228483532,0.0373659652501998,0.320997447033569
"PSA","stratification","ATE","7","20/80","~3","Within-sex SS","No","Expanded","trees",NA,NA,NA,-1.48296274780678,1.15776533133771,0.200591870184055
"PSA","stratification","ATE","7","30/70","~1.5","Raw","No","Original","trees",NA,NA,NA,-0.00989477897816723,0.0431852855450068,0.818809030999709
"PSA","stratification","ATE","7","30/70","~1.5","Within-sex SS","No","Original","trees",NA,NA,NA,-0.489437317364281,1.19289389550142,0.681658463596785
"PSA","stratification","ATE","7","30/70","~3","Raw","No","Original","trees",NA,NA,NA,-0.00267933449479702,0.0248453781137101,0.91413810674175
"PSA","stratification","ATE","7","30/70","~3","Within-sex SS","No","Original","trees",NA,NA,NA,-0.132844277505226,0.912420738044723,0.884262188549923
"PSA","stratification","ATE","7","30/70","~1.5","Raw","No","Expanded","trees",NA,NA,NA,0.00846897109716905,0.0431708116157014,0.844505280803817
"PSA","stratification","ATE","7","30/70","~1.5","Within-sex SS","No","Expanded","trees",NA,NA,NA,-1.0031752720749,1.20806287073437,0.406466621152405
"PSA","stratification","ATE","7","30/70","~3","Raw","No","Expanded","trees",NA,NA,NA,0.00798987592545538,0.0254745980741117,0.753841501596366
"PSA","stratification","ATE","7","30/70","~3","Within-sex SS","No","Expanded","trees",NA,NA,NA,-0.448341425485012,0.91628625442682,0.624705613379714
"PSA","stratification","ATE","7","40/60","~1.5","Raw","No","Original","trees",NA,NA,NA,0.0166163786929447,0.023800795445352,0.485185321766005
"PSA","stratification","ATE","7","40/60","~1.5","Within-sex SS","No","Original","trees",NA,NA,NA,-0.816713437860315,0.840334638602744,0.331246935928502
"PSA","stratification","ATE","7","40/60","~3","Raw","No","Original","trees",NA,NA,NA,-0.0104218418411144,0.0218113092176998,0.632843318568369
"PSA","stratification","ATE","7","40/60","~3","Within-sex SS","No","Original","trees",NA,NA,NA,0.284089877450426,0.774949579280633,0.713971145697412
"PSA","stratification","ATE","7","40/60","~1.5","Raw","No","Expanded","trees",NA,NA,NA,0.0259906231134071,0.0248406333379278,0.295577774067009
"PSA","stratification","ATE","7","40/60","~1.5","Within-sex SS","No","Expanded","trees",NA,NA,NA,-1.17658998142949,0.859050974299579,0.170985324608048
"PSA","stratification","ATE","7","40/60","~3","Raw","No","Expanded","trees",NA,NA,NA,0.00112421544632715,0.0228897880505749,0.960834211549096
"PSA","stratification","ATE","7","40/60","~3","Within-sex SS","No","Expanded","trees",NA,NA,NA,0.0364912430474015,0.791638640771639,0.963239485743418
"PSA","stratification","ATE","7","50","~1.5","Raw","No","Original","trees",NA,NA,NA,0.0177333554711701,0.0228264409633116,0.43732352307763
"PSA","stratification","ATE","7","50","~1.5","Within-sex SS","No","Original","trees",NA,NA,NA,-0.766373704336893,0.752785012091729,0.308777801602567
"PSA","stratification","ATE","7","50","~3","Raw","No","Original","trees",NA,NA,NA,-0.0187435375572388,0.0195786702910967,0.338508283358704
"PSA","stratification","ATE","7","50","~3","Within-sex SS","No","Original","trees",NA,NA,NA,0.347910290965413,0.687921350958016,0.613093618545345
"PSA","stratification","ATE","7","50","~1.5","Raw","No","Expanded","trees",NA,NA,NA,0.00693356960385275,0.0233683175767332,0.766720429340156
"PSA","stratification","ATE","7","50","~1.5","Within-sex SS","No","Expanded","trees",NA,NA,NA,-0.495616731659244,0.761721059888134,0.515345346706235
"PSA","stratification","ATE","7","50","~3","Raw","No","Expanded","trees",NA,NA,NA,-0.00895829097874733,0.0195802351841187,0.647348865740768
"PSA","stratification","ATE","7","50","~3","Within-sex SS","No","Expanded","trees",NA,NA,NA,0.101625300118774,0.691323487127202,0.883145894651292
"PSA","stratification","ATE","7","60","~1.5","Raw","No","Original","trees",NA,NA,NA,-0.00263865314993289,0.0266205519562332,0.921052294185741
"PSA","stratification","ATE","7","60","~1.5","Within-sex SS","No","Original","trees",NA,NA,NA,-0.111731614756237,0.80587037915891,0.889743076871548
"PSA","stratification","ATE","7","60","~3","Raw","No","Original","trees",NA,NA,NA,-0.0121417188353479,0.02015615023741,0.54698721662975
"PSA","stratification","ATE","7","60","~3","Within-sex SS","No","Original","trees",NA,NA,NA,0.225097650017333,0.747040079601191,0.763202104853372
"PSA","stratification","ATE","7","60","~1.5","Raw","No","Expanded","trees",NA,NA,NA,-0.00430937462867273,0.0253916198620247,0.865250477432498
"PSA","stratification","ATE","7","60","~1.5","Within-sex SS","No","Expanded","trees",NA,NA,NA,0.200396043238981,0.808303014613007,0.804220480595499
"PSA","stratification","ATE","7","60","~3","Raw","No","Expanded","trees",NA,NA,NA,-0.010323575555152,0.0210472490431349,0.623836980192849
"PSA","stratification","ATE","7","60","~3","Within-sex SS","No","Expanded","trees",NA,NA,NA,0.260230979408219,0.774390107565068,0.73687094472164
"PSA","stratification","ATE","7","70","~1.5","Raw","No","Original","trees",NA,NA,NA,0.00131716405297089,0.0364201200299534,0.971153767939953
"PSA","stratification","ATE","7","70","~1.5","Within-sex SS","No","Original","trees",NA,NA,NA,-0.666998837985419,1.04616146070876,0.523828682372687
"PSA","stratification","ATE","7","70","~3","Raw","No","Original","trees",NA,NA,NA,0.0157548513125034,0.0219971436868427,0.47393703275785
"PSA","stratification","ATE","7","70","~3","Within-sex SS","No","Original","trees",NA,NA,NA,-0.650099941397695,0.867496491045482,0.453705098273773
"PSA","stratification","ATE","7","70","~1.5","Raw","No","Expanded","trees",NA,NA,NA,-0.00484222756509181,0.0384590736706677,0.899819108120562
"PSA","stratification","ATE","7","70","~1.5","Within-sex SS","No","Expanded","trees",NA,NA,NA,-0.308849136342722,1.02512135955819,0.763232152197812
"PSA","stratification","ATE","7","70","~3","Raw","No","Expanded","trees",NA,NA,NA,0.00827016060482091,0.0233305262684501,0.723017761839422
"PSA","stratification","ATE","7","70","~3","Within-sex SS","No","Expanded","trees",NA,NA,NA,-0.411170567270494,0.886889253667633,0.64297746536289
"PSA","stratification","ATE","8","20/80","~1.5","Raw","No","Original","trees",NA,NA,NA,0.0121160828223955,0.0521945717498507,0.816478364534897
"PSA","stratification","ATE","8","20/80","~1.5","Within-sex SS","No","Original","trees",NA,NA,NA,-1.08541538161449,1.98971951945963,0.585513416595093
"PSA","stratification","ATE","8","20/80","~3","Raw","No","Original","trees",NA,NA,NA,0.0221849387327143,0.0372868364119393,0.552018902013793
"PSA","stratification","ATE","8","20/80","~3","Within-sex SS","No","Original","trees",NA,NA,NA,-1.56142011509069,1.37172153734859,0.255327281663286
"PSA","stratification","ATE","8","20/80","~1.5","Raw","No","Expanded","trees",NA,NA,NA,0.011903443763936,0.051690050569832,0.817913598938775
"PSA","stratification","ATE","8","20/80","~1.5","Within-sex SS","No","Expanded","trees",NA,NA,NA,-0.566327828354577,1.83938031362495,0.758224542617832
"PSA","stratification","ATE","8","20/80","~3","Raw","No","Expanded","trees",NA,NA,NA,0.0400854757592711,0.0377173051762862,0.288187875448861
"PSA","stratification","ATE","8","20/80","~3","Within-sex SS","No","Expanded","trees",NA,NA,NA,-1.51003543669955,1.19397546041827,0.206329902243161
"PSA","stratification","ATE","8","30/70","~1.5","Raw","No","Original","trees",NA,NA,NA,0.0154202346652418,0.0323327321064353,0.633497740429518
"PSA","stratification","ATE","8","30/70","~1.5","Within-sex SS","No","Original","trees",NA,NA,NA,-1.03168131841478,1.09220040317286,0.345045787328677
"PSA","stratification","ATE","8","30/70","~3","Raw","No","Original","trees",NA,NA,NA,-0.00687545419796375,0.0256633562972695,0.78880942267289
"PSA","stratification","ATE","8","30/70","~3","Within-sex SS","No","Original","trees",NA,NA,NA,0.059291406107135,0.920687905334374,0.948661905884057
"PSA","stratification","ATE","8","30/70","~1.5","Raw","No","Expanded","trees",NA,NA,NA,-0.0121975019794021,0.0508526591845528,0.810477273483465
"PSA","stratification","ATE","8","30/70","~1.5","Within-sex SS","No","Expanded","trees",NA,NA,NA,-0.383276256054989,1.32127823361072,0.771801879237825
"PSA","stratification","ATE","8","30/70","~3","Raw","No","Expanded","trees",NA,NA,NA,0.00665700230984152,0.0261295842236586,0.798939953957604
"PSA","stratification","ATE","8","30/70","~3","Within-sex SS","No","Expanded","trees",NA,NA,NA,-0.476609335716971,0.950841207902358,0.616275643530363
"PSA","stratification","ATE","8","40/60","~1.5","Raw","No","Original","trees",NA,NA,NA,0.0234015541542832,0.0248846810904855,0.347149820306371
"PSA","stratification","ATE","8","40/60","~1.5","Within-sex SS","No","Original","trees",NA,NA,NA,-1.07339398471943,0.861171344398712,0.212781393140019
"PSA","stratification","ATE","8","40/60","~3","Raw","No","Original","trees",NA,NA,NA,-0.0124236803172487,0.0216449957231705,0.566063809831972
"PSA","stratification","ATE","8","40/60","~3","Within-sex SS","No","Original","trees",NA,NA,NA,0.323423135951433,0.774264565648705,0.676209173360051
"PSA","stratification","ATE","8","40/60","~1.5","Raw","No","Expanded","trees",NA,NA,NA,0.0301714725764493,0.0247569922148222,0.223130038279202
"PSA","stratification","ATE","8","40/60","~1.5","Within-sex SS","No","Expanded","trees",NA,NA,NA,-1.42016729216426,0.873874932648772,0.104323806112756
"PSA","stratification","ATE","8","40/60","~3","Raw","No","Expanded","trees",NA,NA,NA,-0.000802616987013715,0.0230107668911017,0.972179633819451
"PSA","stratification","ATE","8","40/60","~3","Within-sex SS","No","Expanded","trees",NA,NA,NA,0.0510197085302729,0.802822810390231,0.949335992560388
"PSA","stratification","ATE","8","50","~1.5","Raw","No","Original","trees",NA,NA,NA,0.0196667573021672,0.0237944031357253,0.408603776521845
"PSA","stratification","ATE","8","50","~1.5","Within-sex SS","No","Original","trees",NA,NA,NA,-0.84391394252439,0.777439043608689,0.277830141099111
"PSA","stratification","ATE","8","50","~3","Raw","No","Original","trees",NA,NA,NA,-0.0181888642905385,0.0189684754493561,0.3377246315025
"PSA","stratification","ATE","8","50","~3","Within-sex SS","No","Original","trees",NA,NA,NA,0.349847264273893,0.687138330214511,0.610712373275143
"PSA","stratification","ATE","8","50","~1.5","Raw","No","Expanded","trees",NA,NA,NA,0.01600572601062,0.0233106049652605,0.492397217842927
"PSA","stratification","ATE","8","50","~1.5","Within-sex SS","No","Expanded","trees",NA,NA,NA,-0.873730608166566,0.756450722205175,0.248213475033984
"PSA","stratification","ATE","8","50","~3","Raw","No","Expanded","trees",NA,NA,NA,-0.00952095755375824,0.0197016706029469,0.62896635872382
"PSA","stratification","ATE","8","50","~3","Within-sex SS","No","Expanded","trees",NA,NA,NA,0.0788517404143212,0.695982528976991,0.909807539882499
"PSA","stratification","ATE","8","60","~1.5","Raw","No","Original","trees",NA,NA,NA,-0.000233602008439371,0.0275126972435894,0.993226339332535
"PSA","stratification","ATE","8","60","~1.5","Within-sex SS","No","Original","trees",NA,NA,NA,-0.184609408110156,0.81902576980126,0.821690411767619
"PSA","stratification","ATE","8","60","~3","Raw","No","Original","trees",NA,NA,NA,-0.0134780231488505,0.0205431617048303,0.511845690977302
"PSA","stratification","ATE","8","60","~3","Within-sex SS","No","Original","trees",NA,NA,NA,0.245524014196411,0.757730866146263,0.745952549862723
"PSA","stratification","ATE","8","60","~1.5","Raw","No","Expanded","trees",NA,NA,NA,-0.000832002069051377,0.0264777051300045,0.974935570838912
"PSA","stratification","ATE","8","60","~1.5","Within-sex SS","No","Expanded","trees",NA,NA,NA,0.00354547901585887,0.833551485873587,0.996606667371131
"PSA","stratification","ATE","8","60","~3","Raw","No","Expanded","trees",NA,NA,NA,-0.01407354700915,0.0215695602924509,0.514170955486892
"PSA","stratification","ATE","8","60","~3","Within-sex SS","No","Expanded","trees",NA,NA,NA,0.455768353231187,0.80005649096152,0.568965054665787
"PSA","stratification","ATE","8","70","~1.5","Raw","No","Original","trees",NA,NA,NA,-0.00408997395097311,0.0343225486729851,0.905158392139896
"PSA","stratification","ATE","8","70","~1.5","Within-sex SS","No","Original","trees",NA,NA,NA,-0.4073471044629,1.00849556804389,0.686318373217148
"PSA","stratification","ATE","8","70","~3","Raw","No","Original","trees",NA,NA,NA,0.0138312998817674,0.0232231442621989,0.551521177376086
"PSA","stratification","ATE","8","70","~3","Within-sex SS","No","Original","trees",NA,NA,NA,-0.619377832068113,0.922292873869776,0.501939069355993
"PSA","stratification","ATE","8","70","~1.5","Raw","No","Expanded","trees",NA,NA,NA,0.0173740156723023,0.0283562840292507,0.54014224026048
"PSA","stratification","ATE","8","70","~1.5","Within-sex SS","No","Expanded","trees",NA,NA,NA,-0.779918605340795,1.00432522662614,0.437511230853161
"PSA","stratification","ATE","8","70","~3","Raw","No","Expanded","trees",NA,NA,NA,0.0210171524837187,0.0206974573442518,0.310015437002102
"PSA","stratification","ATE","8","70","~3","Within-sex SS","No","Expanded","trees",NA,NA,NA,-0.816532526817687,0.78461769297479,0.298151267686742
